{
    "loss": 13.736684799194336,
    "accuracy": 0.5395683646202087
}