{
    "loss": 18.631572723388672,
    "accuracy": 0.4892086386680603
}